"","sentiment"
"1","No"
"2","Yes"
"3","No"
"4","Yes"
"5","No"
"6","No"
"7","No"
"8","Yes"
"9","Yes"
"10","No"
"11","No"
"12","No"
"13","No"
"14","No"
"15","Yes"
"16","No"
"17","Yes"
"18","Yes"
"19","No"
"20","Yes"
"21","Yes"
"22","No"
"23","No"
"24","No"
"25","Yes"
"26","No"
"27","No"
"28","No"
"29","Yes"
"30","Yes"
"31","No"
"32","No"
"33","Yes"
"34","No"
"35","Yes"
"36","No"
"37","No"
"38","Yes"
"39","Yes"
"40","Yes"
"41","Yes"
"42","Yes"
"43","Yes"
"44","No"
"45","Yes"
"46","Yes"
"47","Yes"
"48","Yes"
"49","No"
"50","Yes"
"51","No"
"52","Yes"
"53","Yes"
"54","Yes"
"55","No"
"56","No"
"57","Yes"
"58","Yes"
"59","No"
"60","Yes"
"61","No"
"62","Yes"
"63","No"
"64","No"
"65","Yes"
"66","No"
"67","Yes"
"68","No"
"69","Yes"
"70","No"
"71","No"
"72","Yes"
"73","Yes"
"74","Yes"
"75","Yes"
"76","Yes"
"77","No"
"78","No"
"79","No"
"80","Yes"
"81","Yes"
"82","Yes"
"83","No"
"84","No"
"85","No"
"86","Yes"
"87","Yes"
"88","Yes"
"89","Yes"
"90","Yes"
"91","Yes"
"92","Yes"
"93","Yes"
"94","Yes"
"95","No"
"96","No"
"97","No"
"98","No"
"99","No"
"100","Yes"
"101","Yes"
"102","Yes"
"103","Yes"
"104","No"
"105","No"
"106","No"
"107","Yes"
"108","Yes"
"109","No"
"110","Yes"
"111","No"
"112","No"
"113","Yes"
"114","Yes"
"115","Yes"
"116","No"
"117","No"
"118","Yes"
"119","Yes"
"120","No"
"121","Yes"
"122","No"
"123","Yes"
"124","No"
"125","No"
"126","Yes"
"127","No"
"128","No"
"129","Yes"
"130","No"
"131","Yes"
"132","Yes"
"133","No"
"134","Yes"
"135","Yes"
"136","No"
"137","Yes"
"138","No"
"139","Yes"
"140","Yes"
"141","No"
"142","No"
"143","No"
"144","No"
"145","No"
"146","Yes"
"147","Yes"
"148","Yes"
"149","No"
"150","No"
"151","No"
"152","Yes"
"153","No"
"154","No"
"155","Yes"
"156","Yes"
"157","Yes"
"158","Yes"
"159","Yes"
"160","No"
"161","Yes"
"162","No"
"163","No"
"164","Yes"
"165","Yes"
"166","Yes"
"167","Yes"
"168","Yes"
"169","Yes"
"170","No"
"171","No"
"172","Yes"
"173","No"
"174","No"
"175","No"
"176","No"
"177","Yes"
"178","Yes"
"179","Yes"
"180","No"
"181","Yes"
"182","No"
"183","No"
"184","No"
"185","Yes"
"186","Yes"
"187","Yes"
"188","No"
"189","Yes"
"190","Yes"
"191","No"
"192","No"
"193","No"
"194","Yes"
"195","No"
"196","No"
"197","Yes"
"198","Yes"
"199","Yes"
"200","No"
"201","Yes"
"202","Yes"
"203","No"
"204","Yes"
"205","No"
"206","No"
"207","Yes"
"208","No"
"209","Yes"
"210","No"
"211","No"
"212","No"
"213","No"
"214","Yes"
"215","No"
"216","Yes"
"217","No"
"218","Yes"
"219","No"
"220","No"
"221","No"
"222","Yes"
"223","No"
"224","No"
"225","Yes"
"226","Yes"
"227","Yes"
"228","No"
"229","Yes"
"230","Yes"
"231","Yes"
"232","Yes"
"233","Yes"
"234","No"
"235","Yes"
"236","Yes"
"237","No"
"238","No"
"239","No"
"240","No"
"241","No"
"242","No"
"243","No"
"244","No"
"245","No"
"246","No"
"247","Yes"
"248","Yes"
"249","No"
"250","Yes"
"251","Yes"
"252","Yes"
"253","Yes"
"254","No"
"255","Yes"
"256","Yes"
"257","No"
"258","No"
"259","No"
"260","Yes"
"261","No"
"262","No"
"263","Yes"
"264","Yes"
"265","No"
"266","No"
"267","Yes"
"268","No"
"269","No"
"270","No"
"271","Yes"
"272","No"
"273","Yes"
"274","No"
"275","Yes"
"276","Yes"
"277","No"
"278","No"
"279","No"
"280","Yes"
"281","Yes"
"282","Yes"
"283","No"
"284","Yes"
"285","Yes"
"286","Yes"
"287","No"
"288","Yes"
"289","Yes"
"290","Yes"
"291","Yes"
"292","No"
"293","Yes"
"294","No"
"295","No"
"296","Yes"
"297","No"
"298","No"
"299","No"
"300","No"
"301","No"
"302","Yes"
"303","No"
"304","No"
"305","No"
"306","Yes"
"307","No"
"308","Yes"
"309","No"
"310","Yes"
"311","No"
"312","No"
"313","Yes"
"314","Yes"
"315","No"
"316","Yes"
"317","Yes"
"318","Yes"
"319","Yes"
"320","No"
"321","No"
"322","No"
"323","Yes"
"324","No"
"325","Yes"
"326","No"
"327","No"
"328","No"
"329","Yes"
"330","No"
"331","No"
"332","Yes"
"333","No"
"334","Yes"
"335","Yes"
"336","No"
"337","Yes"
"338","Yes"
"339","Yes"
"340","Yes"
"341","Yes"
"342","Yes"
"343","No"
"344","No"
"345","Yes"
"346","No"
"347","No"
"348","Yes"
"349","No"
"350","No"
"351","No"
"352","No"
"353","Yes"
"354","Yes"
"355","Yes"
"356","Yes"
"357","No"
"358","Yes"
"359","Yes"
"360","No"
"361","No"
"362","Yes"
"363","No"
"364","No"
"365","No"
"366","Yes"
"367","No"
"368","Yes"
"369","No"
"370","No"
"371","No"
"372","Yes"
"373","Yes"
"374","No"
"375","Yes"
"376","Yes"
"377","No"
"378","Yes"
"379","Yes"
"380","No"
"381","Yes"
"382","Yes"
"383","Yes"
"384","Yes"
"385","Yes"
"386","No"
"387","No"
"388","No"
"389","Yes"
"390","No"
"391","No"
"392","Yes"
"393","Yes"
"394","Yes"
"395","No"
"396","Yes"
"397","Yes"
"398","Yes"
"399","No"
"400","No"
"401","No"
"402","No"
"403","No"
"404","No"
"405","No"
"406","No"
"407","No"
"408","No"
"409","Yes"
"410","No"
"411","No"
"412","No"
"413","Yes"
"414","No"
"415","No"
"416","No"
"417","Yes"
"418","Yes"
"419","Yes"
"420","No"
"421","No"
"422","Yes"
"423","Yes"
"424","No"
"425","Yes"
"426","No"
"427","Yes"
"428","Yes"
"429","Yes"
"430","No"
"431","No"
"432","Yes"
"433","Yes"
"434","Yes"
"435","No"
"436","Yes"
"437","No"
"438","Yes"
"439","Yes"
"440","Yes"
"441","Yes"
"442","No"
"443","No"
"444","No"
"445","No"
"446","Yes"
"447","Yes"
"448","No"
"449","No"
"450","Yes"
"451","Yes"
"452","No"
"453","No"
"454","No"
"455","No"
"456","No"
"457","Yes"
"458","Yes"
"459","Yes"
"460","Yes"
"461","Yes"
"462","No"
"463","No"
"464","Yes"
"465","Yes"
"466","Yes"
"467","Yes"
"468","No"
"469","Yes"
"470","No"
"471","Yes"
"472","No"
"473","Yes"
"474","Yes"
"475","No"
"476","Yes"
"477","No"
"478","No"
"479","Yes"
"480","No"
"481","Yes"
"482","Yes"
"483","No"
"484","Yes"
"485","Yes"
"486","Yes"
"487","No"
"488","Yes"
"489","No"
"490","No"
"491","Yes"
"492","Yes"
"493","Yes"
"494","Yes"
"495","Yes"
"496","Yes"
"497","No"
"498","No"
"499","No"
"500","Yes"
"501","Yes"
"502","No"
"503","Yes"
"504","No"
"505","No"
"506","Yes"
"507","Yes"
"508","No"
"509","Yes"
"510","Yes"
"511","No"
"512","No"
"513","Yes"
"514","Yes"
"515","Yes"
"516","Yes"
"517","No"
"518","No"
"519","No"
"520","No"
"521","No"
"522","No"
"523","No"
"524","No"
"525","No"
"526","No"
"527","Yes"
"528","No"
"529","No"
"530","No"
"531","No"
"532","Yes"
"533","No"
"534","No"
"535","No"
"536","Yes"
"537","Yes"
"538","No"
"539","No"
"540","Yes"
"541","No"
"542","Yes"
"543","No"
"544","Yes"
"545","No"
"546","Yes"
"547","Yes"
"548","No"
"549","No"
"550","Yes"
"551","No"
"552","Yes"
"553","Yes"
"554","No"
"555","No"
"556","No"
"557","No"
"558","Yes"
"559","Yes"
"560","No"
"561","No"
"562","No"
"563","Yes"
"564","Yes"
"565","Yes"
"566","Yes"
"567","No"
"568","No"
"569","No"
"570","No"
"571","No"
"572","Yes"
"573","Yes"
"574","Yes"
"575","No"
"576","No"
"577","Yes"
"578","Yes"
"579","Yes"
"580","Yes"
"581","No"
"582","Yes"
"583","No"
"584","No"
"585","No"
"586","No"
"587","Yes"
"588","Yes"
"589","Yes"
"590","Yes"
"591","No"
"592","No"
"593","No"
"594","Yes"
"595","Yes"
"596","Yes"
"597","Yes"
"598","Yes"
"599","Yes"
"600","No"
"601","Yes"
"602","Yes"
"603","No"
"604","Yes"
"605","Yes"
"606","No"
"607","No"
"608","No"
"609","Yes"
"610","No"
"611","Yes"
"612","No"
"613","Yes"
"614","Yes"
"615","Yes"
"616","No"
"617","No"
"618","No"
"619","Yes"
"620","Yes"
"621","No"
"622","Yes"
"623","Yes"
"624","No"
"625","No"
"626","No"
"627","No"
"628","Yes"
"629","Yes"
"630","No"
"631","No"
"632","No"
"633","Yes"
"634","Yes"
"635","Yes"
"636","No"
"637","Yes"
"638","No"
"639","Yes"
"640","No"
"641","Yes"
"642","No"
"643","Yes"
"644","No"
"645","No"
"646","Yes"
"647","No"
"648","Yes"
"649","No"
"650","Yes"
"651","Yes"
"652","No"
"653","No"
"654","Yes"
"655","No"
"656","Yes"
"657","Yes"
"658","Yes"
"659","Yes"
"660","No"
"661","Yes"
"662","Yes"
"663","No"
"664","Yes"
"665","No"
"666","Yes"
"667","No"
"668","Yes"
"669","Yes"
"670","Yes"
"671","Yes"
"672","No"
"673","No"
"674","Yes"
"675","Yes"
"676","No"
"677","Yes"
"678","Yes"
"679","No"
"680","Yes"
"681","No"
"682","Yes"
"683","No"
"684","Yes"
"685","Yes"
"686","Yes"
"687","Yes"
"688","No"
"689","Yes"
"690","No"
"691","No"
"692","Yes"
"693","Yes"
"694","Yes"
"695","Yes"
"696","Yes"
"697","Yes"
"698","No"
"699","No"
"700","No"
"701","No"
"702","Yes"
"703","Yes"
"704","No"
"705","Yes"
"706","Yes"
"707","No"
"708","No"
"709","Yes"
"710","Yes"
"711","Yes"
"712","Yes"
"713","Yes"
"714","Yes"
"715","No"
"716","No"
"717","No"
"718","No"
"719","Yes"
"720","Yes"
"721","Yes"
"722","No"
"723","Yes"
"724","Yes"
"725","No"
"726","No"
"727","No"
"728","No"
"729","Yes"
"730","Yes"
"731","No"
"732","No"
"733","No"
"734","Yes"
"735","Yes"
"736","No"
"737","Yes"
"738","No"
"739","No"
"740","No"
"741","No"
"742","Yes"
"743","Yes"
"744","Yes"
"745","No"
"746","Yes"
"747","Yes"
"748","Yes"
"749","No"
"750","Yes"
"751","Yes"
"752","Yes"
"753","Yes"
"754","No"
"755","Yes"
"756","Yes"
"757","Yes"
"758","Yes"
"759","Yes"
"760","No"
"761","No"
"762","No"
"763","Yes"
"764","Yes"
"765","Yes"
"766","No"
"767","No"
"768","Yes"
"769","No"
"770","Yes"
"771","No"
"772","No"
"773","Yes"
"774","Yes"
"775","No"
"776","No"
"777","No"
"778","No"
"779","Yes"
"780","Yes"
"781","No"
"782","No"
"783","No"
"784","No"
"785","No"
"786","Yes"
"787","No"
"788","Yes"
"789","No"
"790","No"
"791","No"
"792","No"
"793","No"
"794","No"
"795","Yes"
"796","No"
"797","Yes"
"798","Yes"
"799","Yes"
"800","Yes"
"801","Yes"
"802","Yes"
"803","Yes"
"804","Yes"
"805","No"
"806","Yes"
"807","Yes"
"808","No"
"809","No"
"810","Yes"
"811","Yes"
"812","Yes"
"813","No"
"814","Yes"
"815","Yes"
"816","No"
"817","Yes"
"818","No"
"819","Yes"
"820","No"
"821","No"
"822","Yes"
"823","No"
"824","Yes"
"825","Yes"
"826","No"
"827","No"
"828","Yes"
"829","No"
"830","Yes"
"831","Yes"
"832","No"
"833","Yes"
"834","No"
"835","No"
"836","Yes"
"837","No"
"838","No"
"839","No"
"840","Yes"
"841","Yes"
"842","Yes"
"843","Yes"
"844","No"
"845","No"
"846","No"
"847","No"
"848","Yes"
"849","No"
"850","No"
"851","No"
"852","Yes"
"853","Yes"
"854","No"
"855","Yes"
"856","Yes"
"857","Yes"
"858","Yes"
"859","Yes"
"860","No"
"861","No"
"862","No"
"863","No"
"864","Yes"
"865","Yes"
"866","Yes"
"867","Yes"
"868","Yes"
"869","Yes"
"870","No"
"871","No"
"872","Yes"
"873","Yes"
"874","No"
"875","No"
"876","No"
"877","Yes"
"878","No"
"879","No"
"880","Yes"
"881","No"
"882","Yes"
"883","No"
"884","Yes"
"885","Yes"
"886","No"
"887","No"
"888","No"
"889","No"
"890","Yes"
"891","Yes"
"892","No"
"893","Yes"
"894","Yes"
"895","No"
"896","Yes"
"897","No"
"898","Yes"
"899","No"
"900","No"
"901","Yes"
"902","Yes"
"903","Yes"
"904","Yes"
"905","No"
"906","Yes"
"907","Yes"
"908","Yes"
"909","No"
"910","Yes"
"911","No"
"912","No"
"913","Yes"
"914","No"
"915","Yes"
"916","No"
"917","No"
"918","No"
"919","Yes"
"920","No"
"921","No"
"922","No"
"923","Yes"
"924","Yes"
"925","Yes"
"926","No"
"927","No"
"928","No"
"929","No"
"930","No"
"931","Yes"
"932","Yes"
"933","Yes"
"934","No"
"935","Yes"
"936","Yes"
"937","Yes"
"938","Yes"
"939","No"
"940","No"
"941","Yes"
"942","Yes"
"943","Yes"
"944","No"
"945","Yes"
"946","No"
"947","No"
"948","Yes"
"949","No"
"950","No"
"951","No"
"952","No"
"953","No"
"954","No"
"955","Yes"
"956","Yes"
"957","Yes"
"958","Yes"
"959","No"
"960","No"
"961","Yes"
"962","No"
"963","No"
"964","No"
"965","No"
"966","No"
"967","No"
"968","No"
"969","Yes"
"970","No"
"971","Yes"
"972","No"
"973","Yes"
"974","No"
"975","Yes"
"976","Yes"
"977","Yes"
"978","No"
"979","Yes"
"980","Yes"
"981","Yes"
"982","Yes"
"983","Yes"
"984","No"
"985","No"
"986","Yes"
"987","Yes"
"988","No"
"989","No"
"990","Yes"
"991","No"
"992","Yes"
"993","No"
"994","No"
"995","No"
"996","No"
"997","No"
"998","Yes"
"999","Yes"
"1000","Yes"
"1001","No"
"1002","Yes"
"1003","Yes"
"1004","No"
"1005","Yes"
"1006","No"
"1007","Yes"
"1008","No"
"1009","No"
"1010","No"
"1011","No"
"1012","Yes"
"1013","Yes"
"1014","No"
"1015","Yes"
"1016","Yes"
"1017","Yes"
"1018","No"
"1019","No"
"1020","No"
"1021","No"
"1022","Yes"
"1023","No"
"1024","No"
"1025","No"
"1026","Yes"
"1027","Yes"
"1028","No"
"1029","Yes"
"1030","Yes"
"1031","Yes"
"1032","No"
"1033","No"
"1034","Yes"
"1035","Yes"
"1036","Yes"
"1037","No"
"1038","Yes"
"1039","No"
"1040","Yes"
"1041","Yes"
"1042","No"
"1043","No"
"1044","No"
"1045","No"
"1046","Yes"
"1047","No"
"1048","Yes"
"1049","No"
"1050","Yes"
"1051","No"
"1052","No"
"1053","Yes"
"1054","Yes"
"1055","No"
"1056","No"
"1057","Yes"
"1058","Yes"
"1059","No"
"1060","Yes"
"1061","Yes"
"1062","No"
"1063","No"
"1064","Yes"
"1065","Yes"
"1066","No"
"1067","Yes"
"1068","No"
"1069","No"
"1070","No"
"1071","No"
"1072","Yes"
"1073","No"
"1074","No"
"1075","No"
"1076","No"
"1077","No"
"1078","No"
"1079","No"
"1080","Yes"
"1081","Yes"
"1082","No"
"1083","No"
"1084","Yes"
"1085","No"
"1086","Yes"
"1087","Yes"
"1088","No"
"1089","No"
"1090","No"
"1091","No"
"1092","Yes"
"1093","Yes"
"1094","No"
"1095","Yes"
"1096","No"
"1097","Yes"
"1098","Yes"
"1099","Yes"
"1100","No"
"1101","Yes"
"1102","Yes"
"1103","No"
"1104","Yes"
"1105","Yes"
"1106","No"
"1107","Yes"
"1108","No"
"1109","Yes"
"1110","Yes"
"1111","Yes"
"1112","No"
"1113","Yes"
"1114","No"
"1115","No"
"1116","Yes"
"1117","Yes"
"1118","Yes"
"1119","No"
"1120","No"
"1121","No"
"1122","No"
"1123","No"
"1124","Yes"
"1125","Yes"
"1126","Yes"
"1127","No"
"1128","No"
"1129","No"
"1130","No"
"1131","Yes"
"1132","No"
"1133","Yes"
"1134","No"
"1135","Yes"
"1136","No"
"1137","No"
"1138","Yes"
"1139","No"
"1140","Yes"
"1141","Yes"
"1142","No"
"1143","Yes"
"1144","No"
"1145","Yes"
"1146","No"
"1147","No"
"1148","Yes"
"1149","No"
"1150","No"
"1151","No"
"1152","Yes"
"1153","Yes"
"1154","No"
"1155","Yes"
"1156","Yes"
"1157","Yes"
"1158","No"
"1159","No"
"1160","Yes"
"1161","Yes"
"1162","No"
"1163","Yes"
"1164","Yes"
"1165","No"
"1166","Yes"
"1167","Yes"
"1168","No"
"1169","Yes"
"1170","Yes"
"1171","Yes"
"1172","Yes"
"1173","Yes"
"1174","No"
"1175","Yes"
"1176","No"
"1177","Yes"
"1178","Yes"
"1179","Yes"
"1180","Yes"
"1181","No"
"1182","No"
"1183","No"
"1184","Yes"
"1185","No"
"1186","Yes"
"1187","Yes"
"1188","No"
"1189","No"
"1190","No"
"1191","Yes"
"1192","No"
"1193","No"
"1194","No"
"1195","Yes"
"1196","Yes"
"1197","No"
"1198","No"
"1199","Yes"
"1200","No"
"1201","No"
"1202","Yes"
"1203","No"
"1204","Yes"
"1205","Yes"
"1206","Yes"
"1207","No"
"1208","Yes"
"1209","Yes"
"1210","Yes"
"1211","Yes"
"1212","Yes"
"1213","Yes"
"1214","No"
"1215","Yes"
"1216","No"
"1217","No"
"1218","Yes"
"1219","No"
"1220","No"
"1221","Yes"
"1222","No"
"1223","No"
"1224","Yes"
"1225","Yes"
"1226","No"
"1227","No"
"1228","Yes"
"1229","Yes"
"1230","Yes"
"1231","Yes"
"1232","Yes"
"1233","Yes"
"1234","No"
"1235","No"
"1236","Yes"
"1237","No"
"1238","No"
"1239","Yes"
"1240","No"
"1241","No"
"1242","Yes"
"1243","Yes"
"1244","Yes"
"1245","Yes"
"1246","Yes"
"1247","Yes"
"1248","Yes"
"1249","Yes"
"1250","Yes"
"1251","Yes"
"1252","Yes"
"1253","No"
"1254","No"
"1255","No"
"1256","No"
"1257","Yes"
"1258","No"
"1259","Yes"
"1260","No"
"1261","No"
"1262","No"
"1263","Yes"
"1264","No"
"1265","No"
"1266","Yes"
"1267","No"
"1268","Yes"
"1269","Yes"
"1270","Yes"
"1271","Yes"
"1272","No"
"1273","No"
"1274","No"
"1275","Yes"
"1276","No"
"1277","No"
"1278","Yes"
"1279","No"
"1280","Yes"
"1281","No"
"1282","No"
"1283","No"
"1284","No"
"1285","Yes"
"1286","Yes"
"1287","Yes"
"1288","Yes"
"1289","No"
"1290","No"
"1291","Yes"
"1292","No"
"1293","No"
"1294","Yes"
"1295","No"
"1296","No"
"1297","Yes"
"1298","No"
"1299","Yes"
"1300","No"
"1301","Yes"
"1302","Yes"
"1303","No"
"1304","No"
"1305","Yes"
"1306","Yes"
"1307","No"
"1308","Yes"
"1309","No"
"1310","Yes"
"1311","No"
"1312","No"
"1313","No"
"1314","Yes"
"1315","No"
"1316","No"
"1317","No"
"1318","Yes"
"1319","No"
"1320","No"
"1321","No"
"1322","Yes"
"1323","Yes"
"1324","No"
"1325","No"
"1326","Yes"
"1327","Yes"
"1328","No"
"1329","Yes"
"1330","Yes"
"1331","No"
"1332","Yes"
"1333","Yes"
"1334","Yes"
"1335","No"
"1336","No"
"1337","No"
"1338","Yes"
"1339","Yes"
"1340","Yes"
"1341","Yes"
"1342","No"
"1343","No"
"1344","Yes"
"1345","Yes"
"1346","Yes"
"1347","Yes"
"1348","No"
"1349","Yes"
"1350","Yes"
"1351","Yes"
"1352","No"
"1353","Yes"
"1354","Yes"
"1355","No"
"1356","No"
"1357","Yes"
"1358","No"
"1359","No"
"1360","No"
"1361","Yes"
"1362","Yes"
"1363","Yes"
"1364","Yes"
"1365","Yes"
"1366","Yes"
"1367","No"
"1368","No"
"1369","No"
"1370","No"
"1371","No"
"1372","No"
"1373","Yes"
"1374","No"
"1375","Yes"
"1376","No"
"1377","Yes"
"1378","No"
"1379","Yes"
"1380","Yes"
"1381","No"
"1382","Yes"
"1383","No"
"1384","Yes"
"1385","No"
"1386","Yes"
"1387","Yes"
"1388","No"
"1389","Yes"
"1390","Yes"
"1391","No"
"1392","Yes"
"1393","No"
"1394","No"
"1395","No"
"1396","Yes"
"1397","Yes"
"1398","Yes"
"1399","No"
"1400","No"
"1401","Yes"
"1402","Yes"
"1403","No"
"1404","No"
"1405","Yes"
"1406","No"
"1407","Yes"
"1408","Yes"
"1409","No"
"1410","Yes"
"1411","Yes"
"1412","Yes"
"1413","No"
"1414","Yes"
"1415","No"
"1416","No"
"1417","No"
"1418","No"
"1419","No"
"1420","No"
"1421","No"
"1422","Yes"
"1423","Yes"
"1424","No"
"1425","Yes"
"1426","No"
"1427","No"
"1428","Yes"
"1429","No"
"1430","Yes"
"1431","Yes"
"1432","Yes"
"1433","Yes"
"1434","No"
"1435","Yes"
"1436","No"
"1437","Yes"
"1438","Yes"
"1439","No"
"1440","No"
"1441","Yes"
"1442","Yes"
"1443","No"
"1444","Yes"
"1445","Yes"
"1446","No"
"1447","Yes"
"1448","No"
"1449","Yes"
"1450","Yes"
"1451","No"
"1452","No"
"1453","Yes"
"1454","Yes"
"1455","Yes"
"1456","No"
"1457","No"
"1458","Yes"
"1459","Yes"
"1460","No"
"1461","Yes"
"1462","Yes"
"1463","No"
"1464","No"
"1465","Yes"
"1466","No"
"1467","Yes"
"1468","No"
"1469","No"
"1470","Yes"
"1471","No"
"1472","No"
"1473","No"
"1474","Yes"
"1475","No"
"1476","Yes"
"1477","No"
"1478","Yes"
"1479","Yes"
"1480","No"
"1481","No"
"1482","No"
"1483","No"
"1484","No"
"1485","No"
"1486","No"
"1487","No"
"1488","No"
"1489","No"
"1490","No"
"1491","Yes"
"1492","No"
"1493","No"
"1494","No"
"1495","Yes"
"1496","No"
"1497","Yes"
"1498","No"
"1499","No"
"1500","Yes"
"1501","No"
"1502","No"
"1503","Yes"
"1504","No"
"1505","Yes"
"1506","No"
"1507","No"
"1508","No"
"1509","Yes"
"1510","No"
"1511","Yes"
"1512","No"
"1513","No"
"1514","Yes"
"1515","No"
"1516","Yes"
"1517","No"
"1518","Yes"
"1519","No"
"1520","No"
"1521","No"
"1522","Yes"
"1523","No"
"1524","No"
"1525","No"
"1526","No"
"1527","Yes"
"1528","No"
"1529","Yes"
"1530","Yes"
"1531","Yes"
"1532","No"
"1533","Yes"
"1534","Yes"
"1535","Yes"
"1536","No"
"1537","Yes"
"1538","Yes"
"1539","Yes"
"1540","No"
"1541","Yes"
"1542","No"
"1543","Yes"
"1544","No"
"1545","Yes"
"1546","No"
"1547","No"
"1548","Yes"
"1549","Yes"
"1550","No"
"1551","Yes"
"1552","No"
"1553","No"
"1554","Yes"
"1555","Yes"
"1556","Yes"
"1557","No"
"1558","Yes"
"1559","Yes"
"1560","Yes"
"1561","No"
"1562","No"
"1563","No"
"1564","No"
"1565","No"
"1566","Yes"
"1567","No"
"1568","Yes"
"1569","No"
"1570","No"
"1571","No"
"1572","Yes"
"1573","No"
"1574","Yes"
"1575","No"
"1576","Yes"
"1577","Yes"
"1578","Yes"
"1579","Yes"
"1580","Yes"
"1581","Yes"
"1582","Yes"
"1583","Yes"
"1584","No"
"1585","No"
"1586","Yes"
"1587","Yes"
"1588","No"
"1589","No"
"1590","Yes"
"1591","Yes"
"1592","Yes"
"1593","No"
"1594","Yes"
"1595","Yes"
"1596","Yes"
"1597","No"
"1598","No"
"1599","No"
"1600","No"
"1601","No"
"1602","Yes"
"1603","Yes"
"1604","Yes"
"1605","No"
"1606","Yes"
"1607","Yes"
"1608","Yes"
"1609","No"
"1610","No"
"1611","Yes"
"1612","No"
"1613","Yes"
"1614","Yes"
"1615","No"
"1616","No"
"1617","No"
"1618","Yes"
"1619","No"
"1620","Yes"
"1621","Yes"
"1622","Yes"
"1623","No"
"1624","No"
"1625","Yes"
"1626","No"
"1627","Yes"
"1628","Yes"
"1629","No"
"1630","No"
"1631","No"
"1632","No"
"1633","Yes"
"1634","No"
"1635","No"
"1636","No"
"1637","Yes"
"1638","Yes"
"1639","No"
"1640","No"
"1641","Yes"
"1642","No"
"1643","Yes"
"1644","No"
"1645","No"
"1646","Yes"
"1647","No"
"1648","No"
"1649","Yes"
"1650","Yes"
"1651","Yes"
"1652","Yes"
"1653","Yes"
"1654","Yes"
"1655","No"
"1656","Yes"
"1657","Yes"
"1658","Yes"
"1659","Yes"
"1660","Yes"
"1661","No"
"1662","No"
"1663","No"
"1664","Yes"
"1665","No"
"1666","Yes"
"1667","No"
"1668","No"
"1669","No"
"1670","No"
"1671","Yes"
"1672","No"
"1673","Yes"
"1674","Yes"
"1675","Yes"
"1676","No"
"1677","No"
"1678","Yes"
"1679","No"
"1680","No"
"1681","No"
"1682","No"
"1683","No"
"1684","No"
"1685","Yes"
"1686","Yes"
"1687","No"
"1688","Yes"
"1689","Yes"
"1690","No"
"1691","Yes"
"1692","No"
"1693","No"
"1694","Yes"
"1695","Yes"
"1696","Yes"
"1697","Yes"
"1698","No"
"1699","Yes"
"1700","Yes"
"1701","No"
"1702","Yes"
"1703","No"
"1704","Yes"
"1705","No"
"1706","Yes"
"1707","No"
"1708","No"
"1709","Yes"
"1710","Yes"
"1711","No"
"1712","Yes"
"1713","No"
"1714","No"
"1715","No"
"1716","No"
"1717","Yes"
"1718","No"
"1719","Yes"
"1720","No"
"1721","Yes"
"1722","No"
"1723","No"
"1724","Yes"
"1725","No"
"1726","Yes"
"1727","No"
"1728","No"
"1729","Yes"
"1730","Yes"
"1731","No"
"1732","No"
"1733","Yes"
"1734","No"
"1735","Yes"
"1736","Yes"
"1737","Yes"
"1738","No"
"1739","Yes"
"1740","Yes"
"1741","No"
"1742","No"
"1743","No"
"1744","Yes"
"1745","No"
"1746","Yes"
"1747","No"
"1748","No"
"1749","No"
"1750","Yes"
"1751","No"
"1752","Yes"
"1753","Yes"
"1754","Yes"
"1755","No"
"1756","Yes"
"1757","No"
"1758","No"
"1759","Yes"
"1760","Yes"
"1761","No"
"1762","Yes"
"1763","No"
"1764","No"
"1765","Yes"
"1766","Yes"
"1767","No"
"1768","No"
"1769","No"
"1770","Yes"
"1771","Yes"
"1772","No"
"1773","No"
"1774","No"
"1775","Yes"
"1776","Yes"
"1777","Yes"
"1778","No"
"1779","No"
"1780","Yes"
"1781","No"
"1782","Yes"
"1783","Yes"
"1784","Yes"
"1785","Yes"
"1786","No"
"1787","Yes"
"1788","Yes"
"1789","No"
"1790","No"
"1791","No"
"1792","Yes"
"1793","No"
"1794","Yes"
"1795","No"
"1796","No"
"1797","Yes"
"1798","No"
"1799","No"
"1800","Yes"
"1801","No"
"1802","No"
"1803","No"
"1804","No"
"1805","No"
"1806","Yes"
"1807","No"
"1808","Yes"
"1809","No"
"1810","Yes"
"1811","Yes"
"1812","Yes"
"1813","No"
"1814","No"
"1815","Yes"
"1816","No"
"1817","Yes"
"1818","Yes"
"1819","Yes"
"1820","No"
"1821","Yes"
"1822","No"
"1823","Yes"
"1824","No"
"1825","No"
"1826","Yes"
"1827","No"
"1828","Yes"
"1829","Yes"
"1830","No"
"1831","Yes"
"1832","No"
"1833","No"
"1834","Yes"
"1835","No"
"1836","Yes"
"1837","No"
"1838","Yes"
"1839","No"
"1840","Yes"
"1841","No"
"1842","Yes"
"1843","No"
"1844","No"
"1845","No"
"1846","No"
"1847","No"
"1848","No"
"1849","Yes"
"1850","Yes"
"1851","Yes"
"1852","No"
"1853","Yes"
"1854","Yes"
"1855","No"
"1856","Yes"
"1857","Yes"
"1858","No"
"1859","Yes"
"1860","Yes"
"1861","No"
"1862","Yes"
"1863","Yes"
"1864","Yes"
"1865","Yes"
"1866","No"
"1867","No"
"1868","No"
"1869","Yes"
"1870","No"
"1871","Yes"
"1872","No"
"1873","Yes"
"1874","Yes"
"1875","No"
"1876","No"
"1877","No"
"1878","Yes"
"1879","Yes"
"1880","No"
"1881","No"
"1882","Yes"
"1883","Yes"
"1884","Yes"
"1885","No"
"1886","Yes"
"1887","Yes"
"1888","Yes"
"1889","No"
"1890","Yes"
"1891","No"
"1892","Yes"
"1893","Yes"
"1894","No"
"1895","Yes"
"1896","No"
"1897","Yes"
"1898","No"
"1899","Yes"
"1900","Yes"
"1901","No"
"1902","Yes"
"1903","Yes"
"1904","No"
"1905","No"
"1906","No"
"1907","No"
"1908","Yes"
"1909","No"
"1910","Yes"
"1911","Yes"
"1912","No"
"1913","Yes"
"1914","Yes"
"1915","No"
"1916","Yes"
"1917","Yes"
"1918","No"
"1919","No"
"1920","Yes"
"1921","No"
"1922","No"
"1923","Yes"
"1924","Yes"
"1925","Yes"
"1926","Yes"
"1927","No"
"1928","No"
"1929","No"
"1930","Yes"
"1931","Yes"
"1932","No"
"1933","No"
"1934","No"
"1935","No"
"1936","No"
"1937","Yes"
"1938","Yes"
"1939","Yes"
"1940","No"
"1941","Yes"
"1942","No"
"1943","No"
"1944","No"
"1945","No"
"1946","Yes"
"1947","No"
"1948","No"
"1949","Yes"
"1950","No"
"1951","Yes"
"1952","Yes"
"1953","No"
"1954","No"
"1955","No"
"1956","Yes"
"1957","Yes"
"1958","Yes"
"1959","No"
"1960","No"
"1961","Yes"
"1962","No"
"1963","Yes"
"1964","Yes"
"1965","Yes"
"1966","Yes"
"1967","Yes"
"1968","No"
"1969","No"
"1970","Yes"
"1971","Yes"
"1972","Yes"
"1973","Yes"
"1974","Yes"
"1975","No"
"1976","No"
"1977","No"
"1978","No"
"1979","Yes"
"1980","Yes"
"1981","Yes"
"1982","No"
"1983","Yes"
"1984","No"
"1985","No"
"1986","No"
"1987","Yes"
"1988","Yes"
"1989","No"
"1990","No"
"1991","Yes"
"1992","Yes"
"1993","No"
"1994","No"
"1995","No"
"1996","Yes"
"1997","Yes"
"1998","Yes"
"1999","Yes"
"2000","Yes"
"2001","Yes"
"2002","Yes"
"2003","Yes"
"2004","No"
"2005","Yes"
"2006","No"
"2007","Yes"
"2008","Yes"
"2009","No"
"2010","No"
"2011","Yes"
"2012","No"
"2013","No"
"2014","No"
"2015","No"
"2016","Yes"
"2017","No"
"2018","No"
"2019","No"
"2020","Yes"
"2021","Yes"
"2022","No"
"2023","Yes"
"2024","No"
"2025","No"
"2026","No"
"2027","Yes"
"2028","Yes"
"2029","Yes"
"2030","No"
"2031","Yes"
"2032","Yes"
"2033","No"
"2034","Yes"
"2035","No"
"2036","Yes"
"2037","Yes"
"2038","No"
"2039","No"
"2040","No"
"2041","No"
"2042","Yes"
"2043","Yes"
"2044","No"
"2045","No"
"2046","No"
"2047","Yes"
"2048","No"
"2049","No"
"2050","Yes"
"2051","No"
"2052","Yes"
"2053","No"
"2054","No"
"2055","No"
"2056","Yes"
"2057","Yes"
"2058","No"
"2059","No"
"2060","No"
"2061","Yes"
"2062","No"
"2063","Yes"
"2064","No"
"2065","Yes"
"2066","No"
"2067","No"
"2068","No"
"2069","Yes"
"2070","No"
"2071","Yes"
"2072","No"
"2073","No"
"2074","No"
"2075","Yes"
"2076","Yes"
"2077","No"
"2078","Yes"
"2079","No"
"2080","Yes"
"2081","No"
"2082","Yes"
"2083","Yes"
"2084","Yes"
"2085","Yes"
"2086","Yes"
"2087","No"
"2088","Yes"
"2089","Yes"
"2090","Yes"
"2091","Yes"
"2092","Yes"
"2093","No"
"2094","Yes"
"2095","Yes"
"2096","Yes"
"2097","Yes"
"2098","No"
"2099","Yes"
"2100","No"
"2101","No"
"2102","Yes"
"2103","Yes"
"2104","No"
"2105","Yes"
"2106","No"
"2107","No"
"2108","No"
"2109","Yes"
"2110","No"
"2111","No"
"2112","No"
"2113","No"
"2114","Yes"
"2115","Yes"
"2116","No"
"2117","No"
"2118","No"
"2119","No"
"2120","Yes"
"2121","Yes"
"2122","No"
"2123","Yes"
"2124","No"
"2125","Yes"
"2126","Yes"
"2127","No"
"2128","No"
"2129","Yes"
"2130","Yes"
"2131","Yes"
"2132","No"
"2133","Yes"
"2134","No"
"2135","Yes"
"2136","No"
"2137","Yes"
"2138","Yes"
"2139","No"
"2140","Yes"
"2141","No"
"2142","Yes"
"2143","No"
"2144","Yes"
"2145","Yes"
"2146","No"
"2147","No"
"2148","No"
"2149","Yes"
"2150","Yes"
"2151","Yes"
"2152","No"
"2153","No"
"2154","No"
"2155","No"
"2156","No"
"2157","No"
"2158","No"
"2159","Yes"
"2160","No"
"2161","Yes"
"2162","No"
"2163","Yes"
"2164","Yes"
"2165","Yes"
"2166","No"
"2167","No"
"2168","No"
"2169","No"
"2170","No"
"2171","No"
"2172","No"
"2173","Yes"
"2174","No"
"2175","Yes"
"2176","Yes"
"2177","No"
"2178","Yes"
"2179","No"
"2180","No"
"2181","Yes"
"2182","No"
"2183","No"
"2184","Yes"
"2185","No"
"2186","No"
"2187","Yes"
"2188","Yes"
"2189","Yes"
"2190","Yes"
"2191","No"
"2192","No"
"2193","Yes"
"2194","No"
"2195","Yes"
"2196","Yes"
"2197","No"
"2198","No"
"2199","Yes"
"2200","Yes"
"2201","Yes"
"2202","No"
"2203","Yes"
"2204","No"
"2205","No"
"2206","No"
"2207","Yes"
"2208","Yes"
"2209","Yes"
"2210","No"
"2211","Yes"
"2212","Yes"
"2213","No"
"2214","Yes"
"2215","Yes"
"2216","Yes"
"2217","No"
"2218","No"
"2219","No"
"2220","Yes"
"2221","Yes"
"2222","No"
"2223","No"
"2224","Yes"
"2225","No"
"2226","No"
"2227","No"
"2228","Yes"
"2229","No"
"2230","No"
"2231","No"
"2232","No"
"2233","Yes"
"2234","No"
"2235","No"
"2236","No"
"2237","No"
"2238","Yes"
"2239","Yes"
"2240","Yes"
"2241","No"
"2242","Yes"
"2243","No"
"2244","Yes"
"2245","Yes"
"2246","No"
"2247","Yes"
"2248","No"
"2249","Yes"
"2250","Yes"
"2251","No"
"2252","Yes"
"2253","No"
"2254","Yes"
"2255","No"
"2256","No"
"2257","Yes"
"2258","Yes"
"2259","Yes"
"2260","No"
"2261","No"
"2262","Yes"
"2263","No"
"2264","No"
"2265","No"
"2266","Yes"
"2267","Yes"
"2268","Yes"
"2269","Yes"
"2270","No"
"2271","No"
"2272","Yes"
"2273","Yes"
"2274","No"
"2275","No"
"2276","Yes"
"2277","Yes"
"2278","Yes"
"2279","Yes"
"2280","No"
"2281","Yes"
"2282","No"
"2283","No"
"2284","Yes"
"2285","Yes"
"2286","No"
"2287","Yes"
"2288","Yes"
"2289","No"
"2290","Yes"
"2291","No"
"2292","Yes"
"2293","Yes"
"2294","No"
"2295","Yes"
"2296","Yes"
"2297","No"
"2298","Yes"
"2299","No"
"2300","No"
"2301","Yes"
"2302","Yes"
"2303","Yes"
"2304","No"
"2305","Yes"
"2306","Yes"
"2307","Yes"
"2308","No"
"2309","Yes"
"2310","Yes"
"2311","No"
"2312","Yes"
"2313","No"
"2314","Yes"
"2315","Yes"
"2316","Yes"
"2317","No"
"2318","No"
"2319","No"
"2320","No"
"2321","Yes"
"2322","No"
"2323","No"
"2324","Yes"
"2325","Yes"
"2326","Yes"
"2327","Yes"
"2328","No"
"2329","No"
"2330","No"
"2331","No"
"2332","Yes"
"2333","No"
"2334","Yes"
"2335","Yes"
"2336","No"
"2337","No"
"2338","Yes"
"2339","No"
"2340","Yes"
"2341","No"
"2342","Yes"
"2343","No"
"2344","No"
"2345","Yes"
"2346","Yes"
"2347","Yes"
"2348","Yes"
"2349","No"
"2350","No"
"2351","Yes"
"2352","Yes"
"2353","Yes"
"2354","No"
"2355","No"
"2356","Yes"
"2357","Yes"
"2358","Yes"
"2359","No"
"2360","Yes"
"2361","No"
"2362","No"
"2363","Yes"
"2364","Yes"
"2365","No"
"2366","Yes"
"2367","No"
"2368","Yes"
"2369","Yes"
"2370","No"
"2371","No"
"2372","Yes"
"2373","Yes"
"2374","No"
"2375","Yes"
"2376","No"
"2377","No"
"2378","Yes"
"2379","No"
"2380","Yes"
"2381","Yes"
"2382","Yes"
"2383","Yes"
"2384","No"
"2385","Yes"
"2386","No"
"2387","Yes"
"2388","Yes"
"2389","No"
"2390","No"
"2391","No"
"2392","No"
"2393","No"
"2394","No"
"2395","Yes"
"2396","Yes"
"2397","Yes"
"2398","Yes"
"2399","No"
"2400","No"
"2401","Yes"
"2402","Yes"
"2403","No"
"2404","Yes"
"2405","Yes"
"2406","Yes"
"2407","Yes"
"2408","Yes"
"2409","No"
"2410","No"
"2411","No"
"2412","Yes"
"2413","Yes"
"2414","No"
"2415","No"
"2416","No"
"2417","No"
"2418","Yes"
"2419","Yes"
"2420","No"
"2421","No"
"2422","No"
"2423","No"
"2424","No"
"2425","No"
"2426","No"
"2427","No"
"2428","Yes"
"2429","Yes"
"2430","No"
"2431","Yes"
"2432","Yes"
"2433","No"
"2434","No"
"2435","Yes"
"2436","Yes"
"2437","Yes"
"2438","No"
"2439","Yes"
"2440","No"
"2441","No"
"2442","Yes"
"2443","Yes"
"2444","Yes"
"2445","Yes"
"2446","No"
"2447","No"
"2448","Yes"
"2449","Yes"
"2450","No"
"2451","No"
"2452","Yes"
"2453","No"
"2454","No"
"2455","No"
"2456","No"
"2457","Yes"
"2458","Yes"
"2459","No"
"2460","No"
"2461","No"
"2462","No"
"2463","No"
"2464","Yes"
"2465","No"
"2466","Yes"
"2467","No"
"2468","No"
"2469","Yes"
"2470","No"
"2471","No"
"2472","Yes"
"2473","Yes"
"2474","Yes"
"2475","Yes"
"2476","No"
"2477","Yes"
"2478","No"
"2479","No"
"2480","Yes"
"2481","Yes"
"2482","Yes"
"2483","Yes"
"2484","No"
"2485","Yes"
"2486","Yes"
"2487","Yes"
"2488","No"
"2489","No"
"2490","Yes"
"2491","Yes"
"2492","No"
"2493","Yes"
"2494","No"
"2495","Yes"
"2496","No"
"2497","Yes"
"2498","Yes"
"2499","Yes"
"2500","No"
"2501","No"
"2502","No"
"2503","No"
"2504","Yes"
"2505","Yes"
"2506","Yes"
"2507","No"
"2508","Yes"
"2509","No"
"2510","No"
"2511","Yes"
"2512","No"
"2513","Yes"
"2514","Yes"
"2515","No"
"2516","No"
"2517","No"
"2518","No"
"2519","No"
"2520","Yes"
"2521","Yes"
"2522","Yes"
"2523","Yes"
"2524","Yes"
"2525","No"
"2526","No"
"2527","Yes"
"2528","Yes"
"2529","Yes"
"2530","Yes"
"2531","No"
"2532","No"
"2533","Yes"
"2534","No"
"2535","Yes"
"2536","Yes"
"2537","Yes"
"2538","Yes"
"2539","Yes"
"2540","Yes"
"2541","No"
"2542","No"
"2543","Yes"
"2544","No"
"2545","Yes"
"2546","No"
"2547","Yes"
"2548","Yes"
"2549","Yes"
"2550","No"
"2551","Yes"
"2552","Yes"
"2553","Yes"
"2554","Yes"
"2555","No"
"2556","No"
"2557","No"
"2558","No"
"2559","Yes"
"2560","No"
"2561","Yes"
"2562","Yes"
"2563","No"
"2564","Yes"
"2565","No"
"2566","Yes"
"2567","No"
"2568","Yes"
"2569","Yes"
"2570","Yes"
"2571","No"
"2572","No"
"2573","Yes"
"2574","No"
"2575","Yes"
"2576","Yes"
"2577","Yes"
"2578","Yes"
"2579","No"
"2580","No"
"2581","No"
"2582","No"
"2583","Yes"
"2584","No"
"2585","No"
"2586","No"
"2587","Yes"
"2588","No"
"2589","Yes"
"2590","Yes"
"2591","No"
"2592","Yes"
"2593","No"
"2594","Yes"
"2595","Yes"
"2596","Yes"
"2597","Yes"
"2598","Yes"
"2599","No"
"2600","No"
"2601","No"
"2602","No"
"2603","No"
"2604","No"
"2605","Yes"
"2606","No"
"2607","Yes"
"2608","Yes"
"2609","Yes"
"2610","Yes"
"2611","Yes"
"2612","No"
"2613","No"
"2614","No"
"2615","No"
"2616","No"
"2617","Yes"
"2618","Yes"
"2619","No"
"2620","Yes"
"2621","No"
"2622","Yes"
"2623","Yes"
"2624","Yes"
"2625","No"
"2626","Yes"
"2627","Yes"
"2628","No"
"2629","No"
"2630","Yes"
"2631","No"
"2632","No"
"2633","No"
"2634","Yes"
"2635","Yes"
"2636","Yes"
"2637","Yes"
"2638","Yes"
"2639","Yes"
"2640","Yes"
"2641","Yes"
"2642","Yes"
"2643","No"
"2644","No"
"2645","No"
"2646","No"
"2647","No"
"2648","Yes"
"2649","No"
"2650","No"
"2651","No"
"2652","No"
"2653","Yes"
"2654","Yes"
"2655","No"
"2656","No"
"2657","Yes"
"2658","No"
"2659","No"
"2660","Yes"
"2661","Yes"
"2662","Yes"
"2663","No"
"2664","No"
"2665","No"
"2666","No"
"2667","No"
"2668","Yes"
"2669","Yes"
"2670","No"
"2671","No"
"2672","Yes"
"2673","No"
"2674","No"
"2675","Yes"
"2676","No"
"2677","No"
"2678","No"
"2679","No"
"2680","No"
"2681","No"
"2682","No"
"2683","No"
"2684","No"
"2685","Yes"
"2686","Yes"
"2687","Yes"
"2688","No"
"2689","Yes"
"2690","Yes"
"2691","No"
"2692","No"
"2693","Yes"
"2694","No"
"2695","Yes"
"2696","Yes"
"2697","No"
"2698","No"
"2699","Yes"
"2700","Yes"
"2701","No"
"2702","Yes"
"2703","No"
"2704","No"
"2705","Yes"
"2706","Yes"
"2707","Yes"
"2708","Yes"
"2709","No"
"2710","No"
"2711","No"
"2712","Yes"
"2713","Yes"
"2714","No"
"2715","Yes"
"2716","Yes"
"2717","No"
"2718","Yes"
"2719","No"
"2720","No"
"2721","Yes"
"2722","Yes"
"2723","Yes"
"2724","Yes"
"2725","Yes"
"2726","No"
"2727","No"
"2728","No"
"2729","No"
"2730","Yes"
"2731","Yes"
"2732","Yes"
"2733","Yes"
"2734","Yes"
"2735","No"
"2736","No"
"2737","Yes"
"2738","Yes"
"2739","Yes"
"2740","No"
"2741","No"
"2742","No"
"2743","No"
"2744","Yes"
"2745","No"
"2746","Yes"
"2747","No"
"2748","Yes"
"2749","No"
"2750","No"
"2751","Yes"
"2752","No"
"2753","Yes"
"2754","No"
"2755","No"
"2756","Yes"
"2757","Yes"
"2758","No"
"2759","Yes"
"2760","No"
"2761","Yes"
"2762","Yes"
"2763","No"
"2764","No"
"2765","No"
"2766","Yes"
"2767","No"
"2768","Yes"
"2769","No"
"2770","Yes"
"2771","Yes"
"2772","No"
"2773","No"
"2774","Yes"
"2775","Yes"
"2776","No"
"2777","Yes"
"2778","Yes"
"2779","No"
"2780","No"
"2781","No"
"2782","Yes"
"2783","No"
"2784","Yes"
"2785","Yes"
"2786","Yes"
"2787","No"
"2788","No"
"2789","No"
"2790","No"
"2791","No"
"2792","No"
"2793","No"
"2794","Yes"
"2795","Yes"
"2796","No"
"2797","No"
"2798","No"
"2799","No"
"2800","Yes"
"2801","No"
"2802","No"
"2803","Yes"
"2804","Yes"
"2805","Yes"
"2806","Yes"
"2807","No"
"2808","No"
"2809","No"
"2810","Yes"
"2811","No"
"2812","Yes"
"2813","Yes"
"2814","No"
"2815","No"
"2816","No"
"2817","No"
"2818","No"
"2819","Yes"
"2820","Yes"
"2821","No"
"2822","Yes"
"2823","Yes"
"2824","No"
"2825","No"
"2826","Yes"
"2827","No"
"2828","No"
"2829","No"
"2830","Yes"
"2831","No"
"2832","No"
"2833","Yes"
"2834","No"
"2835","No"
"2836","Yes"
"2837","Yes"
"2838","Yes"
"2839","Yes"
"2840","No"
"2841","Yes"
"2842","Yes"
"2843","Yes"
"2844","No"
"2845","Yes"
"2846","Yes"
"2847","Yes"
"2848","Yes"
"2849","Yes"
"2850","Yes"
"2851","No"
"2852","Yes"
"2853","No"
"2854","Yes"
"2855","No"
"2856","Yes"
"2857","Yes"
"2858","No"
"2859","Yes"
"2860","No"
"2861","No"
"2862","Yes"
"2863","No"
"2864","Yes"
"2865","Yes"
"2866","Yes"
"2867","Yes"
"2868","Yes"
"2869","No"
"2870","No"
"2871","Yes"
"2872","No"
"2873","No"
"2874","Yes"
"2875","Yes"
"2876","No"
"2877","No"
"2878","Yes"
"2879","Yes"
"2880","No"
"2881","No"
"2882","Yes"
"2883","Yes"
"2884","Yes"
"2885","Yes"
"2886","No"
"2887","Yes"
"2888","No"
"2889","Yes"
"2890","Yes"
"2891","No"
"2892","Yes"
"2893","Yes"
"2894","No"
"2895","No"
"2896","No"
"2897","Yes"
"2898","Yes"
"2899","No"
"2900","Yes"
"2901","No"
"2902","Yes"
"2903","Yes"
"2904","No"
"2905","No"
"2906","Yes"
"2907","No"
"2908","Yes"
"2909","Yes"
"2910","No"
"2911","Yes"
"2912","No"
"2913","No"
"2914","Yes"
"2915","Yes"
"2916","No"
"2917","Yes"
"2918","No"
"2919","Yes"
"2920","Yes"
"2921","Yes"
"2922","No"
"2923","Yes"
"2924","Yes"
"2925","Yes"
"2926","No"
"2927","No"
"2928","No"
"2929","No"
"2930","Yes"
"2931","No"
"2932","Yes"
"2933","Yes"
"2934","Yes"
"2935","Yes"
"2936","Yes"
"2937","Yes"
"2938","No"
"2939","Yes"
"2940","Yes"
"2941","No"
"2942","No"
"2943","Yes"
"2944","No"
"2945","No"
"2946","No"
"2947","Yes"
"2948","Yes"
"2949","No"
"2950","Yes"
"2951","No"
"2952","No"
"2953","Yes"
"2954","Yes"
"2955","No"
"2956","No"
"2957","No"
"2958","Yes"
"2959","Yes"
"2960","No"
"2961","No"
"2962","Yes"
"2963","Yes"
"2964","Yes"
"2965","No"
"2966","No"
"2967","No"
"2968","No"
"2969","No"
"2970","Yes"
"2971","Yes"
"2972","Yes"
"2973","Yes"
"2974","No"
"2975","Yes"
"2976","No"
"2977","Yes"
"2978","No"
"2979","Yes"
"2980","No"
"2981","No"
"2982","No"
"2983","No"
"2984","Yes"
"2985","Yes"
"2986","Yes"
"2987","No"
"2988","No"
"2989","No"
"2990","Yes"
"2991","Yes"
"2992","No"
"2993","No"
"2994","No"
"2995","Yes"
"2996","No"
"2997","No"
"2998","No"
"2999","Yes"
"3000","No"
"3001","No"
"3002","Yes"
"3003","No"
"3004","Yes"
"3005","Yes"
"3006","No"
"3007","No"
"3008","Yes"
"3009","Yes"
"3010","Yes"
"3011","No"
"3012","No"
"3013","Yes"
"3014","Yes"
"3015","No"
"3016","No"
"3017","Yes"
"3018","Yes"
"3019","No"
"3020","Yes"
"3021","Yes"
"3022","Yes"
"3023","No"
"3024","No"
"3025","Yes"
"3026","No"
"3027","No"
"3028","No"
"3029","Yes"
"3030","Yes"
"3031","Yes"
"3032","Yes"
"3033","Yes"
"3034","Yes"
"3035","Yes"
"3036","Yes"
"3037","No"
"3038","No"
"3039","Yes"
"3040","Yes"
"3041","Yes"
"3042","No"
"3043","Yes"
"3044","No"
"3045","No"
"3046","Yes"
"3047","No"
"3048","Yes"
"3049","No"
"3050","Yes"
"3051","Yes"
"3052","No"
"3053","Yes"
"3054","Yes"
"3055","Yes"
"3056","No"
"3057","No"
"3058","No"
"3059","Yes"
"3060","Yes"
"3061","No"
"3062","No"
"3063","Yes"
"3064","Yes"
"3065","No"
"3066","Yes"
"3067","Yes"
"3068","Yes"
"3069","Yes"
"3070","Yes"
"3071","Yes"
"3072","No"
"3073","No"
"3074","Yes"
"3075","Yes"
"3076","No"
"3077","Yes"
"3078","No"
"3079","Yes"
"3080","No"
"3081","Yes"
"3082","Yes"
"3083","No"
"3084","Yes"
"3085","Yes"
"3086","Yes"
"3087","No"
"3088","No"
"3089","No"
"3090","No"
"3091","Yes"
"3092","No"
"3093","Yes"
"3094","No"
"3095","Yes"
"3096","No"
"3097","Yes"
"3098","No"
"3099","Yes"
"3100","No"
"3101","Yes"
"3102","Yes"
"3103","No"
"3104","No"
"3105","No"
"3106","Yes"
"3107","Yes"
"3108","No"
"3109","No"
"3110","No"
"3111","Yes"
"3112","No"
"3113","No"
"3114","No"
"3115","Yes"
"3116","No"
"3117","No"
"3118","Yes"
"3119","Yes"
"3120","Yes"
"3121","No"
"3122","No"
"3123","No"
"3124","Yes"
"3125","Yes"
"3126","No"
"3127","Yes"
"3128","No"
"3129","No"
"3130","No"
"3131","No"
"3132","No"
"3133","Yes"
"3134","No"
"3135","Yes"
"3136","Yes"
"3137","No"
"3138","No"
"3139","Yes"
"3140","No"
"3141","No"
"3142","No"
"3143","No"
"3144","Yes"
"3145","No"
"3146","Yes"
"3147","No"
"3148","Yes"
"3149","Yes"
"3150","No"
"3151","Yes"
"3152","Yes"
"3153","Yes"
"3154","Yes"
"3155","No"
"3156","Yes"
"3157","No"
"3158","No"
"3159","No"
"3160","No"
"3161","Yes"
"3162","Yes"
"3163","No"
"3164","Yes"
"3165","No"
"3166","Yes"
"3167","No"
"3168","Yes"
"3169","Yes"
"3170","Yes"
"3171","No"
"3172","Yes"
"3173","No"
"3174","No"
"3175","No"
"3176","Yes"
"3177","No"
"3178","No"
"3179","Yes"
"3180","Yes"
"3181","No"
"3182","Yes"
"3183","No"
"3184","Yes"
"3185","No"
"3186","Yes"
"3187","No"
"3188","No"
"3189","Yes"
"3190","No"
"3191","Yes"
"3192","Yes"
"3193","Yes"
"3194","Yes"
"3195","Yes"
"3196","Yes"
"3197","Yes"
"3198","No"
"3199","Yes"
"3200","Yes"
"3201","No"
"3202","Yes"
"3203","Yes"
"3204","Yes"
"3205","Yes"
"3206","Yes"
"3207","Yes"
"3208","Yes"
"3209","Yes"
"3210","No"
"3211","Yes"
"3212","No"
"3213","Yes"
"3214","No"
"3215","Yes"
"3216","No"
"3217","Yes"
"3218","Yes"
"3219","No"
"3220","Yes"
"3221","No"
"3222","No"
"3223","Yes"
"3224","No"
"3225","No"
"3226","Yes"
"3227","No"
"3228","Yes"
"3229","Yes"
"3230","No"
"3231","No"
"3232","Yes"
"3233","No"
"3234","No"
"3235","No"
"3236","No"
"3237","No"
"3238","Yes"
"3239","No"
"3240","Yes"
"3241","Yes"
"3242","No"
"3243","Yes"
"3244","No"
"3245","No"
"3246","No"
"3247","Yes"
"3248","Yes"
"3249","Yes"
"3250","Yes"
"3251","No"
"3252","Yes"
"3253","Yes"
"3254","Yes"
"3255","No"
"3256","Yes"
"3257","No"
"3258","No"
"3259","Yes"
"3260","Yes"
"3261","Yes"
"3262","No"
"3263","Yes"
"3264","No"
"3265","Yes"
"3266","Yes"
"3267","No"
"3268","Yes"
"3269","No"
"3270","No"
"3271","No"
"3272","Yes"
"3273","Yes"
"3274","Yes"
"3275","Yes"
"3276","Yes"
"3277","Yes"
"3278","No"
"3279","No"
"3280","No"
"3281","No"
"3282","Yes"
"3283","Yes"
"3284","No"
"3285","No"
"3286","No"
"3287","No"
"3288","Yes"
"3289","No"
"3290","Yes"
"3291","No"
"3292","No"
"3293","No"
"3294","No"
"3295","Yes"
"3296","No"
"3297","No"
"3298","Yes"
"3299","Yes"
"3300","Yes"
"3301","Yes"
"3302","Yes"
"3303","No"
"3304","No"
"3305","Yes"
"3306","Yes"
"3307","Yes"
"3308","No"
"3309","Yes"
"3310","Yes"
"3311","No"
"3312","No"
"3313","No"
"3314","Yes"
"3315","No"
"3316","No"
"3317","Yes"
"3318","Yes"
"3319","No"
"3320","Yes"
"3321","Yes"
"3322","Yes"
"3323","No"
"3324","Yes"
"3325","No"
"3326","Yes"
"3327","Yes"
"3328","Yes"
"3329","Yes"
"3330","Yes"
"3331","No"
"3332","Yes"
"3333","Yes"
"3334","No"
"3335","No"
"3336","No"
"3337","Yes"
"3338","No"
"3339","Yes"
"3340","Yes"
"3341","No"
"3342","No"
"3343","No"
"3344","No"
"3345","Yes"
"3346","No"
"3347","No"
"3348","No"
"3349","No"
"3350","No"
"3351","No"
"3352","No"
"3353","Yes"
"3354","No"
"3355","No"
"3356","No"
"3357","No"
"3358","No"
"3359","No"
"3360","Yes"
"3361","No"
"3362","No"
"3363","Yes"
"3364","Yes"
"3365","Yes"
"3366","Yes"
"3367","Yes"
"3368","Yes"
"3369","Yes"
"3370","No"
"3371","Yes"
"3372","Yes"
"3373","Yes"
"3374","Yes"
"3375","Yes"
"3376","Yes"
"3377","No"
"3378","No"
"3379","Yes"
"3380","No"
"3381","Yes"
"3382","No"
"3383","Yes"
"3384","No"
"3385","No"
"3386","No"
"3387","No"
"3388","Yes"
"3389","Yes"
"3390","Yes"
"3391","No"
"3392","Yes"
"3393","No"
"3394","No"
"3395","No"
"3396","No"
"3397","No"
"3398","Yes"
"3399","Yes"
"3400","No"
"3401","No"
"3402","No"
"3403","No"
"3404","No"
"3405","No"
"3406","Yes"
"3407","No"
"3408","No"
"3409","No"
"3410","No"
"3411","No"
"3412","Yes"
"3413","No"
"3414","Yes"
"3415","No"
"3416","Yes"
"3417","Yes"
"3418","Yes"
"3419","Yes"
"3420","Yes"
"3421","Yes"
"3422","No"
"3423","Yes"
"3424","No"
"3425","No"
"3426","Yes"
"3427","No"
"3428","Yes"
"3429","Yes"
"3430","Yes"
"3431","Yes"
"3432","Yes"
"3433","No"
"3434","No"
"3435","No"
"3436","Yes"
"3437","No"
"3438","Yes"
"3439","Yes"
"3440","No"
"3441","No"
"3442","Yes"
"3443","Yes"
"3444","No"
"3445","No"
"3446","No"
"3447","Yes"
"3448","No"
"3449","No"
"3450","No"
"3451","No"
"3452","No"
"3453","Yes"
"3454","Yes"
"3455","No"
"3456","Yes"
"3457","No"
"3458","No"
"3459","No"
"3460","Yes"
"3461","Yes"
"3462","Yes"
"3463","Yes"
"3464","No"
"3465","No"
"3466","No"
"3467","Yes"
"3468","No"
"3469","No"
"3470","Yes"
"3471","Yes"
"3472","Yes"
"3473","Yes"
"3474","Yes"
"3475","No"
"3476","No"
"3477","Yes"
"3478","No"
"3479","Yes"
"3480","No"
"3481","No"
"3482","No"
"3483","No"
"3484","No"
"3485","No"
"3486","Yes"
"3487","Yes"
"3488","No"
"3489","Yes"
"3490","Yes"
"3491","No"
"3492","No"
"3493","No"
"3494","Yes"
"3495","No"
"3496","No"
"3497","No"
"3498","No"
"3499","Yes"
"3500","No"
"3501","Yes"
"3502","Yes"
"3503","Yes"
"3504","No"
"3505","Yes"
"3506","No"
"3507","Yes"
"3508","No"
"3509","Yes"
"3510","No"
"3511","Yes"
"3512","No"
"3513","Yes"
"3514","Yes"
"3515","Yes"
"3516","Yes"
"3517","No"
"3518","Yes"
"3519","No"
"3520","Yes"
"3521","No"
"3522","Yes"
"3523","Yes"
"3524","No"
"3525","No"
"3526","Yes"
"3527","Yes"
"3528","Yes"
"3529","No"
"3530","Yes"
"3531","No"
"3532","No"
"3533","No"
"3534","Yes"
"3535","No"
"3536","No"
"3537","No"
"3538","Yes"
"3539","No"
"3540","No"
"3541","Yes"
"3542","No"
"3543","Yes"
"3544","Yes"
"3545","Yes"
"3546","Yes"
"3547","Yes"
"3548","Yes"
"3549","Yes"
"3550","No"
"3551","Yes"
"3552","No"
"3553","Yes"
"3554","Yes"
"3555","Yes"
"3556","No"
"3557","No"
"3558","No"
"3559","No"
"3560","No"
"3561","No"
"3562","Yes"
"3563","Yes"
"3564","Yes"
"3565","No"
"3566","Yes"
"3567","No"
"3568","No"
"3569","Yes"
"3570","No"
"3571","Yes"
"3572","No"
"3573","Yes"
"3574","Yes"
"3575","No"
"3576","Yes"
"3577","No"
"3578","Yes"
"3579","No"
"3580","Yes"
"3581","Yes"
"3582","Yes"
"3583","Yes"
"3584","No"
"3585","No"
"3586","Yes"
"3587","Yes"
"3588","Yes"
"3589","No"
"3590","Yes"
"3591","No"
"3592","Yes"
"3593","Yes"
"3594","Yes"
"3595","Yes"
"3596","Yes"
"3597","No"
"3598","Yes"
"3599","Yes"
"3600","Yes"
"3601","Yes"
"3602","No"
"3603","Yes"
"3604","Yes"
"3605","Yes"
"3606","No"
"3607","Yes"
"3608","No"
"3609","No"
"3610","Yes"
"3611","Yes"
"3612","Yes"
"3613","Yes"
"3614","Yes"
"3615","No"
"3616","Yes"
"3617","Yes"
"3618","No"
"3619","Yes"
"3620","Yes"
"3621","No"
"3622","Yes"
"3623","Yes"
"3624","Yes"
"3625","No"
"3626","Yes"
"3627","No"
"3628","Yes"
"3629","No"
"3630","Yes"
"3631","Yes"
"3632","Yes"
"3633","Yes"
"3634","Yes"
"3635","Yes"
"3636","Yes"
"3637","No"
"3638","No"
"3639","Yes"
"3640","No"
"3641","No"
"3642","Yes"
"3643","No"
"3644","No"
"3645","No"
"3646","Yes"
"3647","Yes"
"3648","No"
"3649","No"
"3650","Yes"
"3651","Yes"
"3652","No"
"3653","No"
"3654","Yes"
"3655","Yes"
"3656","No"
"3657","No"
"3658","No"
"3659","Yes"
"3660","No"
"3661","No"
"3662","Yes"
"3663","No"
"3664","Yes"
"3665","No"
"3666","Yes"
"3667","Yes"
"3668","Yes"
"3669","No"
"3670","Yes"
"3671","No"
"3672","No"
"3673","No"
"3674","Yes"
"3675","Yes"
"3676","Yes"
"3677","No"
"3678","No"
"3679","Yes"
"3680","Yes"
"3681","No"
"3682","Yes"
"3683","Yes"
"3684","No"
"3685","No"
"3686","Yes"
"3687","Yes"
"3688","No"
"3689","Yes"
"3690","No"
"3691","No"
"3692","Yes"
"3693","Yes"
"3694","No"
"3695","No"
"3696","Yes"
"3697","Yes"
"3698","No"
"3699","Yes"
"3700","Yes"
"3701","No"
"3702","Yes"
"3703","No"
"3704","No"
"3705","Yes"
"3706","Yes"
"3707","Yes"
"3708","Yes"
"3709","No"
"3710","No"
"3711","No"
"3712","Yes"
"3713","No"
"3714","Yes"
"3715","Yes"
"3716","Yes"
"3717","No"
"3718","Yes"
"3719","No"
"3720","Yes"
"3721","Yes"
"3722","No"
"3723","Yes"
"3724","No"
"3725","Yes"
"3726","No"
"3727","No"
"3728","Yes"
"3729","Yes"
"3730","No"
"3731","Yes"
"3732","No"
"3733","No"
"3734","No"
"3735","Yes"
"3736","No"
"3737","No"
"3738","No"
"3739","No"
"3740","No"
"3741","No"
"3742","Yes"
"3743","No"
"3744","Yes"
"3745","No"
"3746","No"
"3747","Yes"
"3748","Yes"
"3749","No"
"3750","No"
"3751","No"
"3752","No"
"3753","Yes"
"3754","Yes"
"3755","Yes"
"3756","No"
"3757","Yes"
"3758","No"
"3759","Yes"
"3760","No"
"3761","No"
"3762","No"
"3763","Yes"
"3764","No"
"3765","Yes"
"3766","No"
"3767","No"
"3768","No"
"3769","No"
"3770","No"
"3771","Yes"
"3772","Yes"
"3773","Yes"
"3774","Yes"
"3775","No"
"3776","No"
"3777","No"
"3778","No"
"3779","No"
"3780","Yes"
"3781","No"
"3782","No"
"3783","No"
"3784","No"
"3785","No"
"3786","Yes"
"3787","Yes"
"3788","No"
"3789","Yes"
"3790","No"
"3791","Yes"
"3792","Yes"
"3793","Yes"
"3794","Yes"
"3795","Yes"
"3796","Yes"
"3797","No"
"3798","Yes"
"3799","Yes"
"3800","Yes"
"3801","Yes"
"3802","Yes"
"3803","No"
"3804","Yes"
"3805","Yes"
"3806","Yes"
"3807","Yes"
"3808","Yes"
"3809","No"
"3810","Yes"
"3811","No"
"3812","No"
"3813","No"
"3814","No"
"3815","No"
"3816","Yes"
"3817","Yes"
"3818","No"
"3819","Yes"
"3820","Yes"
"3821","No"
"3822","No"
"3823","No"
"3824","Yes"
"3825","Yes"
"3826","Yes"
"3827","Yes"
"3828","No"
"3829","Yes"
"3830","Yes"
"3831","No"
"3832","No"
"3833","No"
"3834","No"
"3835","No"
"3836","Yes"
"3837","No"
"3838","Yes"
"3839","Yes"
"3840","No"
"3841","Yes"
"3842","No"
"3843","No"
"3844","No"
"3845","No"
"3846","Yes"
"3847","No"
"3848","No"
"3849","No"
"3850","No"
"3851","Yes"
"3852","No"
"3853","Yes"
"3854","Yes"
"3855","No"
"3856","No"
"3857","No"
"3858","No"
"3859","No"
"3860","Yes"
"3861","Yes"
"3862","No"
"3863","Yes"
"3864","Yes"
"3865","Yes"
"3866","No"
"3867","Yes"
"3868","Yes"
"3869","Yes"
"3870","No"
"3871","Yes"
"3872","No"
"3873","Yes"
"3874","No"
"3875","No"
"3876","Yes"
"3877","No"
"3878","No"
"3879","Yes"
"3880","Yes"
"3881","No"
"3882","Yes"
"3883","No"
"3884","Yes"
"3885","Yes"
"3886","Yes"
"3887","No"
"3888","No"
"3889","No"
"3890","No"
"3891","No"
"3892","No"
"3893","Yes"
"3894","Yes"
"3895","Yes"
"3896","Yes"
"3897","Yes"
"3898","Yes"
"3899","No"
"3900","No"
"3901","No"
"3902","Yes"
"3903","Yes"
"3904","Yes"
"3905","Yes"
"3906","Yes"
"3907","No"
"3908","Yes"
"3909","Yes"
"3910","No"
"3911","Yes"
"3912","Yes"
"3913","No"
"3914","No"
"3915","Yes"
"3916","Yes"
"3917","Yes"
"3918","No"
"3919","No"
"3920","No"
"3921","No"
"3922","No"
"3923","No"
"3924","No"
"3925","Yes"
"3926","Yes"
"3927","No"
"3928","Yes"
"3929","Yes"
"3930","No"
"3931","No"
"3932","No"
"3933","Yes"
"3934","No"
"3935","Yes"
"3936","Yes"
"3937","No"
"3938","No"
"3939","No"
"3940","No"
"3941","Yes"
"3942","Yes"
"3943","No"
"3944","Yes"
"3945","No"
"3946","Yes"
"3947","Yes"
"3948","No"
"3949","No"
"3950","Yes"
"3951","Yes"
"3952","No"
"3953","No"
"3954","Yes"
"3955","Yes"
"3956","No"
"3957","Yes"
"3958","Yes"
"3959","No"
"3960","Yes"
"3961","Yes"
"3962","No"
"3963","No"
"3964","Yes"
"3965","No"
"3966","Yes"
"3967","Yes"
"3968","Yes"
"3969","Yes"
"3970","Yes"
"3971","No"
"3972","No"
"3973","No"
"3974","Yes"
"3975","Yes"
"3976","Yes"
"3977","Yes"
"3978","Yes"
"3979","Yes"
"3980","Yes"
"3981","Yes"
"3982","Yes"
"3983","Yes"
"3984","No"
"3985","No"
"3986","Yes"
"3987","Yes"
"3988","Yes"
"3989","No"
"3990","Yes"
"3991","No"
"3992","No"
"3993","Yes"
"3994","Yes"
"3995","Yes"
"3996","Yes"
"3997","Yes"
"3998","No"
"3999","No"
"4000","No"
"4001","Yes"
"4002","Yes"
"4003","Yes"
"4004","No"
"4005","Yes"
"4006","Yes"
"4007","No"
"4008","Yes"
"4009","No"
"4010","No"
"4011","No"
"4012","No"
"4013","No"
"4014","Yes"
"4015","No"
"4016","Yes"
"4017","Yes"
"4018","Yes"
"4019","No"
"4020","Yes"
"4021","No"
"4022","No"
"4023","Yes"
"4024","No"
"4025","Yes"
"4026","No"
"4027","Yes"
"4028","No"
"4029","No"
"4030","No"
"4031","Yes"
"4032","Yes"
"4033","No"
"4034","No"
"4035","Yes"
"4036","Yes"
"4037","Yes"
"4038","No"
"4039","Yes"
"4040","No"
"4041","Yes"
"4042","No"
"4043","Yes"
"4044","Yes"
"4045","No"
"4046","Yes"
"4047","Yes"
"4048","No"
"4049","No"
"4050","Yes"
"4051","Yes"
"4052","Yes"
"4053","No"
"4054","Yes"
"4055","Yes"
"4056","Yes"
"4057","Yes"
"4058","No"
"4059","Yes"
"4060","No"
"4061","Yes"
"4062","Yes"
"4063","No"
"4064","Yes"
"4065","No"
"4066","No"
"4067","No"
"4068","Yes"
"4069","No"
"4070","Yes"
"4071","No"
"4072","Yes"
"4073","No"
"4074","No"
"4075","Yes"
"4076","No"
"4077","No"
"4078","Yes"
"4079","No"
"4080","No"
"4081","No"
"4082","Yes"
"4083","No"
"4084","Yes"
"4085","Yes"
"4086","No"
"4087","No"
"4088","No"
"4089","Yes"
"4090","Yes"
"4091","Yes"
"4092","Yes"
"4093","No"
"4094","No"
"4095","No"
"4096","No"
"4097","No"
"4098","No"
"4099","No"
"4100","No"
"4101","No"
"4102","Yes"
"4103","No"
"4104","Yes"
"4105","Yes"
"4106","Yes"
"4107","No"
"4108","No"
"4109","Yes"
"4110","Yes"
"4111","Yes"
"4112","No"
"4113","No"
"4114","No"
"4115","Yes"
"4116","Yes"
"4117","Yes"
"4118","Yes"
"4119","Yes"
"4120","Yes"
"4121","Yes"
"4122","Yes"
"4123","Yes"
"4124","No"
"4125","Yes"
"4126","No"
"4127","No"
"4128","Yes"
"4129","Yes"
"4130","No"
"4131","Yes"
"4132","Yes"
"4133","Yes"
"4134","No"
"4135","Yes"
"4136","No"
"4137","Yes"
"4138","No"
"4139","No"
"4140","No"
"4141","No"
"4142","Yes"
"4143","Yes"
"4144","Yes"
"4145","No"
"4146","No"
"4147","No"
"4148","Yes"
"4149","Yes"
"4150","Yes"
"4151","No"
"4152","Yes"
"4153","No"
"4154","Yes"
"4155","Yes"
"4156","Yes"
"4157","No"
"4158","Yes"
"4159","Yes"
"4160","Yes"
"4161","No"
"4162","No"
"4163","Yes"
"4164","Yes"
"4165","Yes"
"4166","Yes"
"4167","No"
"4168","Yes"
"4169","Yes"
"4170","Yes"
"4171","Yes"
"4172","No"
"4173","Yes"
"4174","No"
"4175","No"
"4176","Yes"
"4177","Yes"
"4178","Yes"
"4179","Yes"
"4180","No"
"4181","No"
"4182","No"
"4183","No"
"4184","Yes"
"4185","No"
"4186","No"
"4187","No"
"4188","No"
"4189","Yes"
"4190","Yes"
"4191","Yes"
"4192","No"
"4193","No"
"4194","Yes"
"4195","Yes"
"4196","No"
"4197","Yes"
"4198","Yes"
"4199","Yes"
"4200","Yes"
"4201","Yes"
"4202","No"
"4203","Yes"
"4204","Yes"
"4205","Yes"
"4206","Yes"
"4207","Yes"
"4208","No"
"4209","Yes"
"4210","No"
"4211","Yes"
"4212","Yes"
"4213","No"
"4214","Yes"
"4215","No"
"4216","No"
"4217","Yes"
"4218","No"
"4219","No"
"4220","No"
"4221","No"
"4222","No"
"4223","Yes"
"4224","Yes"
"4225","No"
"4226","Yes"
"4227","No"
"4228","No"
"4229","No"
"4230","Yes"
"4231","No"
"4232","Yes"
"4233","Yes"
"4234","Yes"
"4235","Yes"
"4236","Yes"
"4237","No"
"4238","Yes"
"4239","No"
"4240","Yes"
"4241","Yes"
"4242","No"
"4243","Yes"
"4244","Yes"
"4245","Yes"
"4246","Yes"
"4247","Yes"
"4248","No"
"4249","Yes"
"4250","Yes"
"4251","No"
"4252","Yes"
"4253","Yes"
"4254","No"
"4255","No"
"4256","No"
"4257","Yes"
"4258","No"
"4259","No"
"4260","Yes"
"4261","Yes"
"4262","Yes"
"4263","No"
"4264","No"
"4265","Yes"
"4266","No"
"4267","No"
"4268","Yes"
"4269","No"
"4270","No"
"4271","No"
"4272","No"
"4273","No"
"4274","No"
"4275","No"
"4276","No"
"4277","No"
"4278","Yes"
"4279","No"
"4280","Yes"
"4281","No"
"4282","Yes"
"4283","No"
"4284","No"
"4285","Yes"
"4286","Yes"
"4287","Yes"
"4288","Yes"
"4289","Yes"
"4290","Yes"
"4291","Yes"
"4292","No"
"4293","No"
"4294","Yes"
"4295","No"
"4296","No"
"4297","No"
"4298","Yes"
"4299","Yes"
"4300","No"
"4301","No"
"4302","No"
"4303","No"
"4304","No"
"4305","Yes"
"4306","Yes"
"4307","Yes"
"4308","No"
"4309","Yes"
"4310","No"
"4311","Yes"
"4312","No"
"4313","Yes"
"4314","No"
"4315","Yes"
"4316","Yes"
"4317","Yes"
"4318","No"
"4319","Yes"
"4320","No"
"4321","Yes"
"4322","No"
"4323","No"
"4324","Yes"
"4325","Yes"
"4326","No"
"4327","Yes"
"4328","Yes"
"4329","No"
"4330","Yes"
"4331","No"
"4332","Yes"
"4333","Yes"
"4334","No"
"4335","Yes"
"4336","No"
"4337","No"
"4338","Yes"
"4339","Yes"
"4340","Yes"
"4341","Yes"
"4342","Yes"
"4343","Yes"
"4344","Yes"
"4345","No"
"4346","Yes"
"4347","Yes"
"4348","Yes"
"4349","No"
"4350","Yes"
"4351","Yes"
"4352","No"
"4353","No"
"4354","Yes"
"4355","Yes"
"4356","Yes"
"4357","No"
"4358","No"
"4359","No"
"4360","No"
"4361","No"
"4362","Yes"
"4363","Yes"
"4364","Yes"
"4365","Yes"
"4366","Yes"
"4367","Yes"
"4368","No"
"4369","No"
"4370","No"
"4371","No"
"4372","No"
"4373","No"
"4374","Yes"
"4375","Yes"
"4376","Yes"
"4377","Yes"
"4378","Yes"
"4379","No"
"4380","No"
"4381","No"
"4382","No"
"4383","Yes"
"4384","No"
"4385","No"
"4386","Yes"
"4387","No"
"4388","Yes"
"4389","Yes"
"4390","Yes"
"4391","Yes"
"4392","No"
"4393","Yes"
"4394","Yes"
"4395","Yes"
"4396","No"
"4397","Yes"
"4398","Yes"
"4399","No"
"4400","No"
"4401","Yes"
"4402","No"
"4403","Yes"
"4404","Yes"
"4405","No"
"4406","Yes"
"4407","Yes"
"4408","Yes"
"4409","No"
"4410","Yes"
"4411","Yes"
"4412","No"
"4413","Yes"
"4414","Yes"
"4415","No"
"4416","Yes"
"4417","Yes"
"4418","No"
"4419","Yes"
"4420","Yes"
"4421","Yes"
"4422","Yes"
"4423","Yes"
"4424","No"
"4425","Yes"
"4426","No"
"4427","No"
"4428","No"
"4429","Yes"
"4430","No"
"4431","Yes"
"4432","No"
"4433","Yes"
"4434","No"
"4435","Yes"
"4436","No"
"4437","No"
"4438","Yes"
"4439","Yes"
"4440","Yes"
"4441","Yes"
"4442","Yes"
"4443","No"
"4444","Yes"
"4445","Yes"
"4446","Yes"
"4447","No"
"4448","Yes"
"4449","Yes"
"4450","Yes"
"4451","Yes"
"4452","Yes"
"4453","No"
"4454","No"
"4455","Yes"
"4456","No"
"4457","Yes"
"4458","No"
"4459","Yes"
"4460","No"
"4461","Yes"
"4462","No"
"4463","Yes"
"4464","No"
"4465","Yes"
"4466","No"
"4467","Yes"
"4468","Yes"
"4469","Yes"
"4470","Yes"
"4471","Yes"
"4472","Yes"
"4473","No"
"4474","Yes"
"4475","Yes"
"4476","Yes"
"4477","Yes"
"4478","Yes"
"4479","Yes"
"4480","Yes"
"4481","No"
"4482","No"
"4483","Yes"
"4484","Yes"
"4485","No"
"4486","No"
"4487","Yes"
"4488","Yes"
"4489","Yes"
"4490","No"
"4491","Yes"
"4492","Yes"
"4493","Yes"
"4494","Yes"
"4495","Yes"
"4496","No"
"4497","Yes"
"4498","No"
"4499","Yes"
"4500","Yes"
"4501","Yes"
"4502","Yes"
"4503","Yes"
"4504","Yes"
"4505","No"
"4506","Yes"
"4507","Yes"
"4508","Yes"
"4509","Yes"
"4510","Yes"
"4511","No"
"4512","No"
"4513","No"
"4514","No"
"4515","Yes"
"4516","Yes"
"4517","No"
"4518","Yes"
"4519","No"
"4520","Yes"
"4521","No"
"4522","No"
"4523","No"
"4524","Yes"
"4525","Yes"
"4526","No"
"4527","Yes"
"4528","Yes"
"4529","No"
"4530","Yes"
"4531","No"
"4532","Yes"
"4533","No"
"4534","Yes"
"4535","No"
"4536","No"
"4537","No"
"4538","No"
"4539","Yes"
"4540","Yes"
"4541","No"
"4542","No"
"4543","Yes"
"4544","Yes"
"4545","Yes"
"4546","No"
"4547","Yes"
"4548","No"
"4549","No"
"4550","No"
"4551","Yes"
"4552","No"
"4553","No"
"4554","Yes"
"4555","Yes"
"4556","Yes"
"4557","Yes"
"4558","No"
"4559","No"
"4560","Yes"
"4561","Yes"
"4562","No"
"4563","Yes"
"4564","Yes"
"4565","Yes"
"4566","No"
"4567","Yes"
"4568","Yes"
"4569","No"
"4570","Yes"
"4571","Yes"
"4572","Yes"
"4573","Yes"
"4574","Yes"
"4575","Yes"
"4576","Yes"
"4577","Yes"
"4578","No"
"4579","Yes"
"4580","No"
"4581","Yes"
"4582","No"
"4583","Yes"
"4584","No"
"4585","No"
"4586","No"
"4587","Yes"
"4588","Yes"
"4589","No"
"4590","No"
"4591","Yes"
"4592","Yes"
"4593","Yes"
"4594","Yes"
"4595","Yes"
"4596","No"
"4597","No"
"4598","Yes"
"4599","No"
"4600","No"
"4601","No"
"4602","Yes"
"4603","Yes"
"4604","Yes"
"4605","No"
"4606","Yes"
"4607","No"
"4608","Yes"
"4609","No"
"4610","No"
"4611","Yes"
"4612","Yes"
"4613","Yes"
"4614","Yes"
"4615","No"
"4616","Yes"
"4617","Yes"
"4618","Yes"
"4619","No"
"4620","Yes"
"4621","No"
"4622","No"
"4623","No"
"4624","Yes"
"4625","Yes"
"4626","Yes"
"4627","Yes"
"4628","Yes"
"4629","Yes"
"4630","Yes"
"4631","No"
"4632","Yes"
"4633","No"
"4634","Yes"
"4635","Yes"
"4636","No"
"4637","Yes"
"4638","Yes"
"4639","No"
"4640","Yes"
"4641","Yes"
"4642","Yes"
"4643","Yes"
"4644","No"
"4645","Yes"
"4646","No"
"4647","No"
"4648","No"
"4649","Yes"
"4650","Yes"
"4651","Yes"
"4652","Yes"
"4653","Yes"
"4654","Yes"
"4655","Yes"
"4656","Yes"
"4657","Yes"
"4658","No"
"4659","Yes"
"4660","No"
"4661","Yes"
"4662","No"
"4663","Yes"
"4664","Yes"
"4665","Yes"
"4666","Yes"
"4667","Yes"
"4668","No"
"4669","No"
"4670","Yes"
"4671","Yes"
"4672","No"
"4673","Yes"
"4674","Yes"
"4675","Yes"
"4676","Yes"
"4677","Yes"
"4678","Yes"
"4679","Yes"
"4680","Yes"
"4681","No"
"4682","No"
"4683","Yes"
"4684","Yes"
"4685","Yes"
"4686","No"
"4687","No"
"4688","No"
"4689","Yes"
"4690","No"
"4691","Yes"
"4692","No"
"4693","Yes"
"4694","No"
"4695","Yes"
"4696","Yes"
"4697","No"
"4698","Yes"
"4699","Yes"
"4700","Yes"
"4701","Yes"
"4702","Yes"
"4703","No"
"4704","Yes"
"4705","No"
"4706","Yes"
"4707","Yes"
"4708","No"
"4709","No"
"4710","Yes"
"4711","No"
"4712","No"
"4713","Yes"
"4714","Yes"
"4715","Yes"
"4716","No"
"4717","No"
"4718","Yes"
"4719","No"
"4720","No"
"4721","No"
"4722","Yes"
"4723","No"
"4724","No"
"4725","No"
"4726","Yes"
"4727","No"
"4728","No"
"4729","Yes"
"4730","No"
"4731","No"
"4732","No"
"4733","No"
"4734","No"
"4735","No"
"4736","No"
"4737","Yes"
"4738","Yes"
"4739","Yes"
"4740","No"
"4741","No"
"4742","Yes"
"4743","Yes"
"4744","Yes"
"4745","No"
"4746","No"
"4747","No"
"4748","Yes"
"4749","No"
"4750","Yes"
"4751","Yes"
"4752","Yes"
"4753","No"
"4754","Yes"
"4755","Yes"
"4756","Yes"
"4757","Yes"
"4758","No"
"4759","Yes"
"4760","No"
"4761","No"
"4762","Yes"
"4763","Yes"
"4764","Yes"
"4765","Yes"
"4766","Yes"
"4767","No"
"4768","Yes"
"4769","No"
"4770","Yes"
"4771","Yes"
"4772","Yes"
"4773","No"
"4774","No"
"4775","Yes"
"4776","Yes"
"4777","No"
"4778","No"
"4779","Yes"
"4780","No"
"4781","Yes"
"4782","No"
"4783","Yes"
"4784","Yes"
"4785","No"
"4786","Yes"
"4787","Yes"
"4788","Yes"
"4789","Yes"
"4790","No"
"4791","Yes"
"4792","No"
"4793","No"
"4794","Yes"
"4795","Yes"
"4796","No"
"4797","Yes"
"4798","Yes"
"4799","Yes"
"4800","Yes"
"4801","No"
"4802","Yes"
"4803","No"
"4804","No"
"4805","Yes"
"4806","No"
"4807","No"
"4808","No"
"4809","No"
"4810","Yes"
"4811","No"
"4812","No"
"4813","No"
"4814","Yes"
"4815","No"
"4816","No"
"4817","Yes"
"4818","No"
"4819","No"
"4820","No"
"4821","Yes"
"4822","Yes"
"4823","Yes"
"4824","Yes"
"4825","Yes"
"4826","No"
"4827","Yes"
"4828","Yes"
"4829","Yes"
"4830","Yes"
"4831","Yes"
"4832","Yes"
"4833","No"
"4834","Yes"
"4835","No"
"4836","No"
"4837","No"
"4838","No"
"4839","No"
"4840","No"
"4841","Yes"
"4842","Yes"
"4843","Yes"
"4844","Yes"
"4845","No"
"4846","Yes"
"4847","No"
"4848","Yes"
"4849","No"
"4850","No"
"4851","Yes"
"4852","No"
"4853","No"
"4854","Yes"
"4855","Yes"
"4856","No"
"4857","Yes"
"4858","Yes"
"4859","Yes"
"4860","No"
"4861","Yes"
"4862","No"
"4863","No"
"4864","Yes"
"4865","No"
"4866","No"
"4867","No"
"4868","No"
"4869","No"
"4870","No"
"4871","Yes"
"4872","Yes"
"4873","Yes"
"4874","Yes"
"4875","Yes"
"4876","No"
"4877","No"
"4878","Yes"
"4879","Yes"
"4880","Yes"
"4881","Yes"
"4882","Yes"
"4883","Yes"
"4884","Yes"
"4885","Yes"
"4886","Yes"
"4887","Yes"
"4888","No"
"4889","No"
"4890","Yes"
"4891","Yes"
"4892","Yes"
"4893","No"
"4894","Yes"
"4895","No"
"4896","No"
"4897","Yes"
"4898","No"
"4899","No"
"4900","No"
"4901","Yes"
"4902","No"
"4903","Yes"
"4904","Yes"
"4905","No"
"4906","No"
"4907","No"
"4908","No"
"4909","Yes"
"4910","Yes"
"4911","No"
"4912","No"
"4913","Yes"
"4914","No"
"4915","No"
"4916","No"
"4917","No"
"4918","No"
"4919","Yes"
"4920","No"
"4921","No"
"4922","No"
"4923","Yes"
"4924","No"
"4925","Yes"
"4926","Yes"
"4927","No"
"4928","No"
"4929","No"
"4930","No"
"4931","Yes"
"4932","Yes"
"4933","No"
"4934","No"
"4935","Yes"
"4936","Yes"
"4937","No"
"4938","Yes"
"4939","No"
"4940","Yes"
"4941","Yes"
"4942","Yes"
"4943","Yes"
"4944","No"
"4945","Yes"
"4946","Yes"
"4947","Yes"
"4948","Yes"
"4949","Yes"
"4950","Yes"
"4951","No"
"4952","Yes"
"4953","No"
"4954","No"
"4955","No"
"4956","Yes"
"4957","No"
"4958","No"
"4959","No"
"4960","Yes"
"4961","Yes"
"4962","Yes"
"4963","No"
"4964","No"
"4965","No"
"4966","Yes"
"4967","Yes"
"4968","Yes"
"4969","Yes"
"4970","No"
"4971","No"
"4972","No"
"4973","No"
"4974","No"
"4975","No"
"4976","Yes"
"4977","No"
"4978","No"
"4979","No"
"4980","No"
"4981","No"
"4982","No"
"4983","Yes"
"4984","Yes"
"4985","Yes"
"4986","Yes"
"4987","No"
"4988","No"
"4989","No"
"4990","Yes"
"4991","Yes"
"4992","Yes"
"4993","No"
"4994","Yes"
"4995","No"
"4996","No"
"4997","No"
"4998","No"
"4999","Yes"
"5000","Yes"
